User1,User2,SharedIssues,Issues
"""VSCodeTriageBot""","""hediet""",36,"[""188205"", 188205, ""188271"", 188271, ""188271"", 188271, ""188219"", 188219, ""188291"", 188291, ""188279"", 188279, ""188274"", 188274, ""188202"", 188202, ""188279"", 188279, ""188292"", 188292, ""188196"", 188196, ""188198"", 188198, ""188202"", ""188202"", 188202, 188202, ""188205"", 188205, ""188291"", 188291, ""188269"", 188269, ""188196"", 188196, ""185681"", ""185681"", 185681, 185681, ""188165"", 188165, ""188269"", 188269, ""188181"", 188181, ""188198"", 188198, ""188196"", 188196, ""188279"", 188279, ""188219"", 188219, ""188269"", 188269, ""188165"", 188165, ""188269"", 188269, ""188271"", 188271, ""188271"", 188271, ""188292"", 188292, ""188269"", 188269, ""188181"", 188181, ""188219"", 188219, ""188292"", 188292, ""188279"", 188279, ""188205"", 188205, ""185681"", ""185681"", 185681, 185681, ""188271"", 188271, ""188198"", 188198, ""188292"", 188292, ""188219"", 188219, ""188198"", 188198, ""188137"", ""188137"", 188137, 188137, ""188165"", 188165, ""188189"", 188189, ""188189"", 188189, ""188202"", ""188202"", 188202, 188202, ""188219"", 188219, ""188196"", 188196, ""188165"", 188165, ""188196"", 188196, ""188205"", 188205, ""188292"", 188292, ""188269"", 188269, ""188189"", 188189, ""188181"", 188181, ""188165"", 188165, ""188181"", 188181, ""188189"", 188189, ""188181"", 188181, ""188205"", 188205, ""188219"", 188219, ""188260"", 188260, ""188181"", 188181, ""188181"", 188181, ""188181"", 188181, ""188137"", ""188137"", 188137, 188137, ""188279"", 188279, ""188279"", 188279, ""181489"", ""181489"", 181489, 181489, ""188165"", 188165, ""188274"", 188274, ""188181"", 188181, ""188198"", 188198, ""181489"", ""181489"", 181489, 181489, ""188271"", 188271, ""188189"", 188189, ""188260"", 188260, ""188181"", 188181, ""188198"", 188198, ""188196"", 188196, ""188205"", 188205, ""188189"", 188189, ""188165"", 188165, ""188202"", ""188202"", 188202, 188202, ""188292"", 188292]"
"""VSCodeTriageBot""","""sandy081""",28,"[""188148"", 188148, ""188288"", 188288, ""181489"", 181489, ""188290"", 188290, ""188245"", 188245, ""188251"", 188251, ""188251"", 188251, ""188288"", 188288, ""188140"", ""188140"", 188140, 188140, ""188132"", 188132, ""188138"", ""188138"", 188138, 188138, ""188158"", 188158, ""188158"", 188158, ""188137"", ""188137"", 188137, 188137, ""188132"", 188132, ""188248"", 188248, ""188132"", 188132, ""188245"", 188245, ""188138"", 188138, ""188148"", 188148, ""188248"", 188248, ""188275"", 188275, ""188248"", 188248, ""188147"", 188147, ""188290"", 188290, ""188132"", 188132, ""188288"", 188288, ""188132"", 188132, ""188245"", 188245, ""188137"", 188137, ""188147"", 188147, ""188275"", 188275, ""188248"", 188248, ""188275"", 188275, ""188148"", 188148, ""188251"", 188251, ""188137"", ""188137"", 188137, 188137, ""188140"", 188140, ""188148"", 188148, ""188288"", 188288, ""188138"", ""188138"", 188138, 188138, ""188147"", 188147, ""188140"", ""188140"", 188140, 188140, ""188290"", 188290, ""188158"", 188158, ""188138"", ""188138"", 188138, 188138, ""188251"", 188251, ""188245"", 188245, ""188290"", 188290, ""188290"", 188290, ""188245"", 188245, ""188147"", 188147, ""188137"", ""188137"", 188137, 188137, ""188147"", 188147, ""188138"", ""188138"", 188138, 188138, ""188138"", ""188138"", 188138, 188138, ""188140"", ""188140"", 188140, 188140, ""188251"", 188251, ""188288"", 188288, ""188138"", ""188138"", 188138, 188138, ""188288"", 188288, ""181489"", 181489, ""188248"", 188248, ""188290"", 188290, ""188148"", 188148, ""188245"", 188245, ""188158"", 188158, ""188248"", 188248, ""188158"", 188158, ""188158"", 188158, ""188147"", 188147, ""188148"", 188148, ""188140"", ""188140"", 188140, 188140, ""188275"", 188275, ""188132"", 188132, ""188251"", 188251]"
"""mjbvz""","""VSCodeTriageBot""",20,"[""188159"", ""188159"", ""188159"", ""188159"", ""188159"", 188159, 188159, 188159, 188159, 188159, ""188163"", 188163, ""181489"", ""181489"", ""181489"", ""181489"", 181489, 181489, 181489, 181489, ""188286"", 188286, ""188230"", ""188230"", 188230, 188230, ""185681"", ""185681"", ""185681"", ""185681"", ""185681"", ""185681"", ""185681"", 185681, 185681, 185681, 185681, 185681, 185681, 185681, ""188293"", ""188293"", 188293, 188293, ""188159"", ""188159"", ""188159"", ""188159"", 188159, 188159, 188159, 188159, ""185681"", ""185681"", ""185681"", ""185681"", ""185681"", ""185681"", 185681, 185681, 185681, 185681, 185681, 185681, ""181489"", ""181489"", ""181489"", ""181489"", ""181489"", 181489, 181489, 181489, 181489, 181489, ""188230"", ""188230"", 188230, 188230, ""188230"", ""188230"", 188230, 188230, ""188163"", 188163, ""188222"", ""188222"", 188222, 188222, ""188289"", 188289, ""188206"", 188206]"
"""VSCodeTriageBot""","""jrieken""",14,"[""188161"", 188161, ""188238"", 188238, ""188242"", ""188242"", 188242, 188242, ""188161"", 188161, ""188156"", 188156, ""188161"", 188161, ""188156"", 188156, ""188161"", 188161, ""188230"", ""188230"", ""188230"", 188230, 188230, 188230, ""188156"", 188156, ""188161"", 188161, ""188156"", 188156, ""188156"", 188156, ""188207"", 188207, ""188262"", 188262, ""188207"", 188207, ""188238"", 188238, ""188156"", 188156, ""188262"", ""188262"", 188262, 188262, ""188230"", ""188230"", ""188230"", 188230, 188230, 188230, ""188161"", 188161]"
"""VSCodeTriageBot""","""roblourens""",12,"[""188191"", 188191, ""188191"", 188191, ""188191"", 188191, ""155883"", 155883, ""188191"", 188191, ""188240"", 188240, ""155883"", 155883, ""188191"", 188191, ""188191"", 188191, ""188136"", ""188136"", 188136, 188136, ""188191"", 188191, ""188255"", ""188255"", 188255, 188255, ""188150"", 188150, ""188150"", ""188150"", 188150, 188150, ""155883"", ""155883"", 155883, 155883]"
"""rebornix""","""VSCodeTriageBot""",10,"[""188190"", 188190, ""188254"", 188254, ""188185"", 188185, ""188190"", 188190, ""188155"", 188155, ""188113"", ""188113"", ""188113"", ""188113"", ""188113"", ""188113"", 188113, 188113, 188113, 188113, 188113, 188113]"
"""meganrogge""","""VSCodeTriageBot""",10,"[""188278"", ""188278"", ""188278"", ""188278"", ""188278"", 188278, 188278, 188278, 188278, 188278, ""188227"", ""188227"", 188227, 188227, ""188114"", 188114, ""188260"", 188260, ""188287"", ""188287"", 188287, 188287, ""188278"", ""188278"", ""188278"", ""188278"", ""188278"", ""188278"", 188278, 188278, 188278, 188278, 188278, 188278]"
"""alexr00""","""VSCodeTriageBot""",10,"[""155883"", ""155883"", ""155883"", ""155883"", ""155883"", ""155883"", ""155883"", 155883, 155883, 155883, 155883, 155883, 155883, 155883, ""188157"", ""188157"", ""188157"", ""188157"", ""188157"", ""188157"", 188157, 188157, 188157, 188157, 188157, 188157, ""188270"", ""188270"", ""188270"", 188270, 188270, 188270, ""155883"", ""155883"", ""155883"", ""155883"", ""155883"", ""155883"", ""155883"", 155883, 155883, 155883, 155883, 155883, 155883, 155883, ""188118"", ""188118"", ""188118"", 188118, 188118, 188118, ""188134"", ""188134"", 188134, 188134]"
"""VSCodeTriageBot""","""connor4312""",10,"[""188195"", 188195, ""188195"", ""188195"", 188195, 188195, ""188281"", 188281, ""188180"", 188180, ""188123"", 188123, ""188123"", 188123, ""188180"", 188180, ""188123"", 188123, ""188180"", 188180, ""188281"", ""188281"", 188281, 188281, ""188123"", 188123, ""188123"", 188123, ""188180"", 188180, ""155883"", ""155883"", 155883, 155883, ""188180"", 188180, ""188123"", 188123, ""188180"", 188180, ""188123"", 188123]"
"""VSCodeTriageBot""","""deepak1556""",10,"[""188250"", 188250, ""188260"", 188260, ""188253"", 188253, ""188206"", 188206, ""188221"", 188221, ""188260"", 188260, ""188221"", 188221, ""188221"", 188221, ""188206"", 188206, ""188250"", 188250, ""188253"", ""188253"", 188253, 188253, ""188260"", 188260, ""188250"", 188250, ""188250"", 188250, ""188253"", 188253, ""188206"", 188206, ""188253"", ""188253"", 188253, 188253]"
"""chrmarti""","""VSCodeTriageBot""",8,"[""188175"", 188175, ""188130"", ""188130"", ""188130"", ""188130"", ""188130"", ""188130"", ""188130"", ""188130"", 188130, 188130, 188130, 188130, 188130, 188130, 188130, 188130, ""188152"", 188152, ""188172"", 188172]"
"""VSCodeTriageBot""","""rzhao271""",8,"[""188134"", 188134, ""188286"", 188286, ""188134"", 188134, ""188134"", 188134, ""188190"", ""188190"", 188190, 188190, ""188190"", ""188190"", 188190, 188190, ""188176"", ""188176"", 188176, 188176, ""188176"", ""188176"", 188176, 188176]"
"""sandy081""","""isidorn""",8,"[""188140"", ""188140"", ""188140"", ""188140"", 188140, 188140, 188140, 188140, ""188139"", ""188139"", ""188139"", 188139, 188139, 188139, ""188138"", ""188138"", ""188138"", ""188138"", ""188138"", ""188138"", 188138, 188138, 188138, 188138, 188138, 188138, ""188138"", ""188138"", ""188138"", ""188138"", ""188138"", ""188138"", 188138, 188138, 188138, 188138, 188138, 188138, ""188141"", ""188141"", 188141, 188141, ""188138"", ""188138"", ""188138"", ""188138"", ""188138"", ""188138"", 188138, 188138, 188138, 188138, 188138, 188138]"
"""meganrogge""","""Tyriar""",8,"[""152381"", ""152381"", 152381, 152381, ""152381"", ""152381"", ""152381"", 152381, 152381, 152381, ""152381"", ""152381"", ""152381"", 152381, 152381, 152381, ""152381"", ""152381"", 152381, 152381, ""188145"", ""188145"", 188145, 188145, ""188312"", 188312, ""188235"", 188235, ""188312"", 188312, ""152381"", ""152381"", 152381, 152381]"
"""github-actions[bot]""","""mjbvz""",6,"[""152231"", 152231, ""181489"", 181489, ""152112"", 152112, ""152231"", 152231, ""152231"", 152231, ""152231"", 152231, ""152112"", 152112, ""152112"", 152112, ""152231"", 152231, ""152112"", 152112, ""152231"", 152231, ""181489"", 181489, ""152112"", 152112, ""152231"", 152231, ""181489"", 181489, ""181489"", 181489, ""152112"", 152112, ""152112"", 152112, ""181489"", 181489]"
"""daviddossett""","""mjbvz""",6,"[""188282"", 188282, ""188117"", ""188117"", 188117, 188117, ""188143"", 188143, ""188143"", 188143, ""188143"", ""188143"", 188143, 188143, ""188143"", ""188143"", 188143, 188143, ""188117"", ""188117"", 188117, 188117, ""188117"", ""188117"", 188117, 188117, ""188117"", ""188117"", 188117, 188117, ""188117"", ""188117"", 188117, 188117, ""188117"", ""188117"", 188117, 188117, ""188282"", 188282, ""188143"", ""188143"", 188143, 188143]"
"""TylerLeonhardt""","""VSCodeTriageBot""",6,"[""188169"", 188169, ""188126"", ""188126"", ""188126"", ""188126"", ""188126"", ""188126"", ""188126"", 188126, 188126, 188126, 188126, 188126, 188126, 188126, ""181447"", ""181447"", ""181447"", ""181447"", ""181447"", ""181447"", 181447, 181447, 181447, 181447, 181447, 181447, ""188169"", 188169]"
"""github-actions[bot]""","""VSCodeTriageBot""",6,"[""155883"", 155883, ""181489"", 181489, ""181447"", 181447, ""181489"", 181489, ""155883"", 155883]"
"""joyceerhl""","""VSCodeTriageBot""",6,"[""188242"", 188242, ""188215"", ""188215"", ""188215"", ""188215"", ""188215"", ""188215"", ""188215"", 188215, 188215, 188215, 188215, 188215, 188215, 188215, ""188242"", 188242, ""188166"", ""188166"", ""188166"", ""188166"", ""188166"", ""188166"", 188166, 188166, 188166, 188166, 188166, 188166]"
"""meganrogge""","""hediet""",6,"[""188285"", 188285, ""188212"", ""188212"", ""188212"", 188212, 188212, 188212, ""188285"", 188285, ""188212"", ""188212"", ""188212"", 188212, 188212, 188212, ""188212"", ""188212"", ""188212"", 188212, 188212, 188212, ""188260"", 188260, ""188285"", 188285, ""188212"", ""188212"", ""188212"", 188212, 188212, 188212]"
"""VSCodeTriageBot""","""isidorn""",6,"[""188140"", 188140, ""188278"", ""188278"", 188278, 188278, ""188138"", ""188138"", 188138, 188138, ""188138"", 188138, ""188138"", ""188138"", 188138, 188138, ""188278"", ""188278"", 188278, 188278]"
"""meganrogge""","""isidorn""",6,"[""188228"", ""188228"", 188228, 188228, ""188127"", ""188127"", 188127, 188127, ""188278"", ""188278"", ""188278"", ""188278"", ""188278"", 188278, 188278, 188278, 188278, 188278, ""188127"", ""188127"", 188127, 188127, ""188228"", ""188228"", 188228, 188228, ""188278"", ""188278"", ""188278"", ""188278"", ""188278"", 188278, 188278, 188278, 188278, 188278, ""188127"", ""188127"", 188127, 188127, ""188127"", ""188127"", 188127, 188127]"
"""VSCodeTriageBot""","""Tyriar""",6,"[""188137"", ""188137"", 188137, 188137, ""188247"", 188247, ""188275"", 188275, ""188137"", ""188137"", 188137, 188137, ""188275"", 188275]"
"""VSCodeTriageBot""","""raven190301""",6,"[""188230"", ""188230"", ""188230"", 188230, 188230, 188230, ""188232"", ""188232"", ""188230"", ""188230"", ""188231"", ""188231"", 188231, 188231, 188232, 188232, 188230, 188230, ""188230"", ""188230"", ""188231"", ""188231"", ""188232"", ""188232"", 188232, 188232, 188231, 188231, 188230, 188230, ""188230"", ""188230"", ""188231"", ""188231"", ""188232"", ""188232"", 188231, 188231, 188230, 188230, 188232, 188232]"
"""mjbvz""","""jrieken""",6,"[""188162"", ""188162"", 188162, 188162, ""188162"", ""188162"", 188162, 188162, ""188230"", ""188230"", 188230, 188230, ""188162"", ""188162"", 188162, 188162, ""188162"", 188162, ""188151"", 188151, ""188230"", 188230]"
"""TylerLeonhardt""","""github-actions[bot]""",4,"[""184000"", ""184000"", ""184000"", ""184000"", ""184000"", ""184000"", 184000, 184000, 184000, 184000, 184000, 184000, ""181447"", ""181447"", ""181447"", ""181447"", ""181447"", ""181447"", 181447, 181447, 181447, 181447, 181447, 181447]"
"""github-actions[bot]""","""justschen""",4,"[""152231"", 152231, ""152112"", 152112]"
"""justschen""","""mjbvz""",4,"[""152231"", 152231, ""152112"", 152112, ""152231"", 152231, ""152231"", 152231, ""152231"", 152231, ""152112"", 152112, ""152112"", 152112, ""152112"", 152112, ""152231"", 152231, ""152112"", 152112, ""152231"", 152231, ""152112"", 152112]"
"""bpasero""","""VSCodeTriageBot""",4,"[""188221"", 188221, ""181489"", 181489]"
"""amunger""","""VSCodeTriageBot""",4,"[""188213"", ""188213"", ""188213"", ""188213"", ""188213"", ""188213"", 188213, 188213, 188213, 188213, 188213, 188213, ""188216"", ""188216"", ""188216"", ""188216"", ""188216"", ""188216"", 188216, 188216, 188216, 188216, 188216, 188216]"
"""mjbvz""","""hediet""",4,"[""185681"", ""185681"", ""185681"", ""185681"", ""185681"", ""185681"", 185681, 185681, 185681, 185681, 185681, 185681, ""185681"", ""185681"", ""185681"", ""185681"", ""185681"", ""185681"", ""185681"", 185681, 185681, 185681, 185681, 185681, 185681, 185681, ""181489"", ""181489"", ""181489"", ""181489"", 181489, 181489, 181489, 181489, ""181489"", ""181489"", ""181489"", ""181489"", ""181489"", 181489, 181489, 181489, 181489, 181489]"
"""hediet""","""sandy081""",4,"[""181489"", ""181489"", 181489, 181489, ""188137"", ""188137"", 188137, 188137, ""188137"", ""188137"", 188137, 188137, ""188137"", ""188137"", 188137, 188137, ""188137"", 188137, ""181489"", ""181489"", 181489, 181489]"
"""mjbvz""","""rzhao271""",4,"[""188197"", ""188197"", 188197, 188197, ""188197"", ""188197"", 188197, 188197, ""188286"", 188286, ""188197"", 188197, ""188197"", ""188197"", 188197, 188197]"
"""alexr00""","""connor4312""",4,"[""188153"", ""188153"", ""188153"", 188153, 188153, 188153, ""155883"", ""155883"", ""155883"", ""155883"", ""155883"", ""155883"", ""155883"", 155883, 155883, 155883, 155883, 155883, 155883, 155883, ""188153"", ""188153"", ""188153"", 188153, 188153, 188153]"
"""alexr00""","""roblourens""",4,"[""155883"", ""155883"", ""155883"", ""155883"", ""155883"", ""155883"", ""155883"", 155883, 155883, 155883, 155883, 155883, 155883, 155883, ""188153"", ""188153"", ""188153"", 188153, 188153, 188153, ""155883"", ""155883"", ""155883"", ""155883"", ""155883"", ""155883"", ""155883"", 155883, 155883, 155883, 155883, 155883, 155883, 155883, ""155883"", ""155883"", ""155883"", ""155883"", ""155883"", ""155883"", ""155883"", 155883, 155883, 155883, 155883, 155883, 155883, 155883, ""188153"", ""188153"", ""188153"", 188153, 188153, 188153]"
"""github-actions[bot]""","""roblourens""",4,"[""155883"", 155883, ""155883"", 155883, ""152112"", 152112, ""152112"", 152112, ""155883"", 155883]"
"""connor4312""","""roblourens""",4,"[""155883"", 155883, ""188153"", 188153, ""155883"", 155883, ""188153"", 188153]"
"""mjbvz""","""roblourens""",4,"[""152112"", ""152112"", ""152112"", ""152112"", ""152112"", ""152112"", ""152112"", 152112, 152112, 152112, 152112, 152112, 152112, 152112, ""152112"", ""152112"", ""152112"", ""152112"", ""152112"", ""152112"", ""152112"", 152112, 152112, 152112, 152112, 152112, 152112, 152112, ""188280"", 188280]"
"""VSCodeTriageBot""","""joaomoreno""",4,"[""188253"", ""188253"", 188253, 188253, ""188135"", 188135, ""188135"", 188135, ""188135"", 188135, ""188135"", 188135, ""188135"", 188135, ""188135"", 188135]"
"""sandy081""","""Tyriar""",4,"[""188137"", ""188137"", ""188137"", ""188137"", 188137, 188137, 188137, 188137, ""188275"", ""188275"", ""188275"", ""188275"", 188275, 188275, 188275, 188275, ""188137"", ""188137"", ""188137"", 188137, 188137, 188137, ""188275"", ""188275"", ""188275"", ""188275"", 188275, 188275, 188275, 188275]"
"""rebornix""","""dtroberts""",2,"[""188185"", 188185]"
"""alexr00""","""hbons""",2,"[""188143"", ""188143"", 188143, 188143]"
"""alexr00""","""daviddossett""",2,"[""188143"", 188143, ""188143"", 188143]"
"""hbons""","""daviddossett""",2,"[""188143"", 188143, ""188143"", 188143]"
"""rebornix""","""daviddossett""",2,"[""188117"", ""188117"", 188117, 188117, ""188117"", ""188117"", 188117, 188117]"
"""rebornix""","""christian-bromann""",2,"[""188117"", ""188117"", 188117, 188117, ""188117"", ""188117"", 188117, 188117, ""188117"", ""188117"", 188117, 188117]"
"""daviddossett""","""christian-bromann""",2,"[""188117"", 188117, ""188117"", ""188117"", 188117, 188117, ""188117"", 188117]"
"""alexr00""","""aeschli""",2,"[""188134"", 188134]"
"""alexr00""","""andreamah""",2,"[""188118"", ""188118"", 188118, 188118]"
"""lianshup7""","""lszomoru""",2,"[""188241"", ""188241"", 188241, 188241]"
"""andreamah""","""lszomoru""",2,"[""171641"", ""171641"", 171641, 171641]"
"""ahanusa""","""aiday-mar""",2,"[""188263"", 188263, ""188263"", 188263, ""188263"", 188263, ""188263"", 188263]"
"""aiday-mar""","""alexdima""",2,"[""188243"", 188243]"
"""digitarald""","""LeGi0N09""",2,"[""188239"", 188239]"
"""chrmarti""","""jtmaveryk""",2,"[""188172"", 188172]"
"""lramos15""","""bhavyaus""",2,"[""188167"", 188167]"
"""alexr00""","""bhavyaus""",2,"[""155883"", ""155883"", ""155883"", ""155883"", ""155883"", ""155883"", ""155883"", 155883, 155883, 155883, 155883, 155883, 155883, 155883]"
"""alexr00""","""IllusionMH""",2,"[""188153"", ""188153"", ""188153"", 188153, 188153, 188153]"
"""alexdima""","""stenaksel""",2,"[""188149"", 188149]"
"""daviddossett""","""Roopesh-T""",2,"[""188127"", ""188127"", ""188127"", 188127, 188127, 188127, ""188127"", ""188127"", ""188127"", 188127, 188127, 188127]"
"""arvigeus""","""MeghanKulkarni""",2,"[""188125"", 188125]"
"""alexr00""","""github-actions[bot]""",2,"[""155883"", ""155883"", ""155883"", ""155883"", ""155883"", ""155883"", ""155883"", ""155883"", 155883, 155883, 155883, 155883, 155883, 155883, 155883, 155883]"
"""bhavyaus""","""github-actions[bot]""",2,"[""155883"", 155883]"
"""andreamah""","""github-actions[bot]""",2,"[""171641"", ""171641"", 171641, 171641]"
"""lszomoru""","""github-actions[bot]""",2,"[""171641"", 171641]"
"""bpasero""","""github-actions[bot]""",2,"[""181489"", 181489]"
"""aeschli""","""github-actions[bot]""",2,"[""169844"", ""169844"", ""169844"", ""169844"", ""169844"", ""169844"", ""169844"", ""169844"", ""169844"", ""169844"", ""169844"", ""169844"", ""169844"", 169844, 169844, 169844, 169844, 169844, 169844, 169844, 169844, 169844, 169844, 169844, 169844, 169844]"
"""lszomoru""","""Dopeman31""",2,"[""155034"", ""155034"", ""155034"", 155034, 155034, 155034]"
"""alexr00""","""weinand""",2,"[""155883"", ""155883"", ""155883"", ""155883"", ""155883"", ""155883"", ""155883"", 155883, 155883, 155883, 155883, 155883, 155883, 155883, ""155883"", ""155883"", ""155883"", ""155883"", ""155883"", ""155883"", ""155883"", 155883, 155883, 155883, 155883, 155883, 155883, 155883, ""155883"", ""155883"", ""155883"", ""155883"", ""155883"", ""155883"", ""155883"", ""155883"", 155883, 155883, 155883, 155883, 155883, 155883, 155883, 155883]"
"""github-actions[bot]""","""weinand""",2,"[""155883"", 155883, ""155883"", 155883, ""155883"", 155883]"
"""bhavyaus""","""weinand""",2,"[""155883"", 155883, ""155883"", 155883]"
"""alexr00""","""Danielmelody""",2,"[""155883"", ""155883"", ""155883"", ""155883"", ""155883"", ""155883"", ""155883"", 155883, 155883, 155883, 155883, 155883, 155883, 155883]"
"""bhavyaus""","""Danielmelody""",2,"[""155883"", 155883]"
"""github-actions[bot]""","""Danielmelody""",2,"[""155883"", 155883]"
"""weinand""","""Danielmelody""",2,"[""155883"", ""155883"", ""155883"", 155883, 155883, 155883]"
"""lramos15""","""joelday""",2,"[""136905"", ""136905"", ""136905"", ""136905"", 136905, 136905, 136905, 136905, ""136905"", ""136905"", ""136905"", ""136905"", 136905, 136905, 136905, 136905]"
"""lramos15""","""JacksonKearl""",2,"[""136905"", ""136905"", ""136905"", ""136905"", 136905, 136905, 136905, 136905, ""136905"", ""136905"", ""136905"", ""136905"", 136905, 136905, 136905, 136905, ""136905"", ""136905"", ""136905"", ""136905"", 136905, 136905, 136905, 136905, ""136905"", ""136905"", ""136905"", ""136905"", 136905, 136905, 136905, 136905, ""136905"", ""136905"", ""136905"", ""136905"", ""136905"", 136905, 136905, 136905, 136905, 136905, ""136905"", ""136905"", ""136905"", ""136905"", ""136905"", 136905, 136905, 136905, 136905, 136905]"
"""joelday""","""JacksonKearl""",2,"[""136905"", ""136905"", 136905, 136905, ""136905"", 136905, ""136905"", ""136905"", 136905, 136905, ""136905"", 136905, ""136905"", ""136905"", 136905, 136905, ""136905"", ""136905"", 136905, 136905]"
"""lramos15""","""jzyrobert""",2,"[""136905"", ""136905"", ""136905"", ""136905"", ""136905"", 136905, 136905, 136905, 136905, 136905, ""136905"", ""136905"", ""136905"", ""136905"", 136905, 136905, 136905, 136905, ""136905"", ""136905"", ""136905"", ""136905"", ""136905"", 136905, 136905, 136905, 136905, 136905, ""136905"", ""136905"", ""136905"", ""136905"", 136905, 136905, 136905, 136905]"
"""joelday""","""jzyrobert""",2,"[""136905"", ""136905"", 136905, 136905, ""136905"", 136905, ""136905"", ""136905"", 136905, 136905, ""136905"", 136905]"
"""JacksonKearl""","""jzyrobert""",2,"[""136905"", ""136905"", ""136905"", ""136905"", ""136905"", ""136905"", 136905, 136905, 136905, 136905, 136905, 136905, ""136905"", ""136905"", ""136905"", ""136905"", ""136905"", 136905, 136905, 136905, 136905, 136905, ""136905"", ""136905"", ""136905"", ""136905"", ""136905"", 136905, 136905, 136905, 136905, 136905, ""136905"", ""136905"", ""136905"", ""136905"", ""136905"", 136905, 136905, 136905, 136905, 136905]"
"""lramos15""","""AmitPr""",2,"[""136905"", ""136905"", ""136905"", ""136905"", 136905, 136905, 136905, 136905, ""136905"", ""136905"", ""136905"", ""136905"", 136905, 136905, 136905, 136905]"
"""joelday""","""AmitPr""",2,"[""136905"", 136905, ""136905"", 136905]"
"""JacksonKearl""","""AmitPr""",2,"[""136905"", ""136905"", ""136905"", ""136905"", ""136905"", 136905, 136905, 136905, 136905, 136905, ""136905"", ""136905"", ""136905"", ""136905"", ""136905"", 136905, 136905, 136905, 136905, 136905]"
"""jzyrobert""","""AmitPr""",2,"[""136905"", ""136905"", ""136905"", 136905, 136905, 136905, ""136905"", ""136905"", ""136905"", 136905, 136905, 136905]"
"""lramos15""","""xfusek08""",2,"[""136905"", ""136905"", ""136905"", ""136905"", 136905, 136905, 136905, 136905]"
"""joelday""","""xfusek08""",2,"[""136905"", 136905]"
"""JacksonKearl""","""xfusek08""",2,"[""136905"", ""136905"", ""136905"", ""136905"", ""136905"", 136905, 136905, 136905, 136905, 136905]"
"""jzyrobert""","""xfusek08""",2,"[""136905"", ""136905"", ""136905"", 136905, 136905, 136905]"
"""AmitPr""","""xfusek08""",2,"[""136905"", 136905]"
"""sbatten""","""floydnant""",2,"[""152381"", ""152381"", 152381, 152381, ""152381"", ""152381"", ""152381"", 152381, 152381, 152381, ""152381"", ""152381"", 152381, 152381]"
"""sbatten""","""vlrevolution""",2,"[""152381"", ""152381"", 152381, 152381, ""152381"", ""152381"", 152381, 152381]"
"""floydnant""","""vlrevolution""",2,"[""152381"", ""152381"", 152381, 152381, ""152381"", ""152381"", 152381, 152381]"
"""sbatten""","""meganrogge""",2,"[""152381"", ""152381"", ""152381"", 152381, 152381, 152381, ""152381"", ""152381"", ""152381"", 152381, 152381, 152381, ""152381"", ""152381"", 152381, 152381]"
"""floydnant""","""meganrogge""",2,"[""152381"", ""152381"", ""152381"", 152381, 152381, 152381, ""152381"", ""152381"", ""152381"", 152381, 152381, 152381, ""152381"", ""152381"", ""152381"", 152381, 152381, 152381]"
"""vlrevolution""","""meganrogge""",2,"[""152381"", ""152381"", 152381, 152381, ""152381"", ""152381"", 152381, 152381, ""152381"", ""152381"", 152381, 152381]"
"""alexr00""","""meganrogge""",2,"[""188153"", ""188153"", ""188153"", ""188153"", 188153, 188153, 188153, 188153, ""188153"", ""188153"", ""188153"", 188153, 188153, 188153, ""188153"", ""188153"", ""188153"", 188153, 188153, 188153, ""188153"", ""188153"", ""188153"", 188153, 188153, 188153, ""188153"", ""188153"", ""188153"", 188153, 188153, 188153]"
"""IllusionMH""","""meganrogge""",2,"[""188153"", 188153, ""188153"", 188153, ""188153"", 188153, ""188153"", 188153]"
"""amunger""","""meganrogge""",2,"[""188188"", ""188188"", 188188, 188188, ""188188"", ""188188"", 188188, 188188, ""188188"", ""188188"", 188188, 188188]"
"""scnwwu""","""meganrogge""",2,"[""188228"", ""188228"", 188228, 188228, ""188228"", ""188228"", 188228, 188228]"
"""daviddossett""","""meganrogge""",2,"[""188127"", ""188127"", ""188127"", ""188127"", 188127, 188127, 188127, 188127, ""188127"", ""188127"", ""188127"", 188127, 188127, 188127]"
"""Roopesh-T""","""meganrogge""",2,"[""188127"", ""188127"", 188127, 188127, ""188127"", ""188127"", 188127, 188127]"
"""HeinrichAD""","""mjbvz""",2,"[""188197"", ""188197"", 188197, 188197, ""188197"", ""188197"", 188197, 188197]"
"""rebornix""","""mjbvz""",2,"[""188117"", ""188117"", 188117, 188117, ""188117"", 188117, ""188117"", ""188117"", 188117, 188117, ""188117"", ""188117"", 188117, 188117, ""188117"", ""188117"", 188117, 188117, ""188117"", ""188117"", 188117, 188117]"
"""christian-bromann""","""mjbvz""",2,"[""188117"", ""188117"", ""188117"", 188117, 188117, 188117, ""188117"", ""188117"", ""188117"", 188117, 188117, 188117, ""188117"", ""188117"", ""188117"", 188117, 188117, 188117, ""188117"", ""188117"", ""188117"", 188117, 188117, 188117, ""188117"", ""188117"", ""188117"", 188117, 188117, 188117, ""188117"", ""188117"", ""188117"", 188117, 188117, 188117]"
"""bpasero""","""mjbvz""",2,"[""181489"", 181489, ""181489"", 181489, ""181489"", 181489, ""181489"", 181489]"
"""alexdima""","""mjbvz""",2,"[""185681"", ""185681"", 185681, 185681, ""185681"", ""185681"", 185681, 185681, ""185681"", ""185681"", 185681, 185681, ""185681"", ""185681"", 185681, 185681, ""185681"", ""185681"", 185681, 185681, ""185681"", 185681, ""185681"", ""185681"", 185681, 185681]"
"""alexr00""","""mjbvz""",2,"[""188143"", 188143, ""188143"", 188143, ""188143"", ""188143"", 188143, 188143, ""188143"", ""188143"", 188143, 188143, ""188143"", ""188143"", 188143, 188143]"
"""hbons""","""mjbvz""",2,"[""188143"", 188143, ""188143"", 188143, ""188143"", 188143, ""188143"", 188143]"
"""arvigeus""","""mjbvz""",2,"[""188125"", 188125, ""188125"", 188125, ""188125"", 188125]"
"""MeghanKulkarni""","""mjbvz""",2,"[""188125"", 188125, ""188125"", 188125]"
"""chrisdias""","""mjbvz""",2,"[""188206"", 188206]"
"""mjbvz""","""danielwerg""",2,"[""188306"", 188306, ""188306"", 188306]"
"""dbaeumer""","""VSCodeTriageBot""",2,"[""188214"", 188214]"
"""weinand""","""VSCodeTriageBot""",2,"[""155883"", ""155883"", 155883, 155883, ""155883"", ""155883"", ""155883"", 155883, 155883, 155883]"
"""Danielmelody""","""VSCodeTriageBot""",2,"[""155883"", 155883, ""155883"", 155883]"
"""miku1958""","""VSCodeTriageBot""",2,"[""188137"", ""188137"", 188137, 188137, ""188137"", ""188137"", 188137, 188137]"
"""sbatten""","""VSCodeTriageBot""",2,"[""188221"", 188221]"
"""dtroberts""","""VSCodeTriageBot""",2,"[""188185"", 188185]"
"""lramos15""","""VSCodeTriageBot""",2,"[""188203"", ""188203"", ""188203"", ""188203"", ""188203"", ""188203"", 188203, 188203, 188203, 188203, 188203, 188203]"
"""alexdima""","""VSCodeTriageBot""",2,"[""185681"", ""185681"", 185681, 185681, ""185681"", ""185681"", 185681, 185681]"
"""IanMatthewHuff""","""VSCodeTriageBot""",2,"[""188138"", ""188138"", 188138, 188138, ""188138"", ""188138"", 188138, 188138]"
"""ahanusa""","""VSCodeTriageBot""",2,"[""188263"", 188263]"
"""aiday-mar""","""VSCodeTriageBot""",2,"[""188263"", ""188263"", ""188263"", ""188263"", 188263, 188263, 188263, 188263]"
"""bhavyaus""","""VSCodeTriageBot""",2,"[""155883"", 155883]"
"""andreamah""","""VSCodeTriageBot""",2,"[""188118"", 188118]"
"""jtmaveryk""","""VSCodeTriageBot""",2,"[""188172"", 188172]"
"""ulugbekna""","""VSCodeTriageBot""",2,"[""188201"", 188201]"
"""chrisdias""","""VSCodeTriageBot""",2,"[""188206"", 188206]"
"""aeschli""","""VSCodeTriageBot""",2,"[""188134"", 188134]"
"""meganrogge""","""rperez030""",2,"[""188294"", ""188294"", ""188294"", ""188294"", ""188294"", ""188294"", ""188294"", ""188294"", 188294, 188294, 188294, 188294, 188294, 188294, 188294, 188294, ""188294"", ""188294"", ""188294"", ""188294"", ""188294"", ""188294"", ""188294"", ""188294"", 188294, 188294, 188294, 188294, 188294, 188294, 188294, 188294]"
"""alexdima""","""hediet""",2,"[""185681"", 185681, ""185681"", 185681]"
"""miku1958""","""hediet""",2,"[""188137"", ""188137"", 188137, 188137, ""188137"", ""188137"", 188137, 188137]"
"""bpasero""","""hediet""",2,"[""181489"", 181489, ""181489"", 181489]"
"""github-actions[bot]""","""hediet""",2,"[""181489"", 181489, ""181489"", 181489]"
"""github-actions[bot]""","""sandy081""",2,"[""181489"", 181489, ""181489"", 181489]"
"""mjbvz""","""sandy081""",2,"[""181489"", ""181489"", ""181489"", ""181489"", 181489, 181489, 181489, 181489, ""181489"", ""181489"", ""181489"", ""181489"", ""181489"", 181489, 181489, 181489, 181489, 181489]"
"""IanMatthewHuff""","""sandy081""",2,"[""188138"", ""188138"", 188138, 188138, ""188138"", ""188138"", 188138, 188138, ""188138"", 188138, ""188138"", ""188138"", 188138, 188138, ""188138"", 188138, ""188138"", ""188138"", 188138, 188138, ""188138"", ""188138"", 188138, 188138]"
"""miku1958""","""sandy081""",2,"[""188137"", ""188137"", 188137, 188137, ""188137"", ""188137"", 188137, 188137, ""188137"", ""188137"", 188137, 188137, ""188137"", ""188137"", 188137, 188137]"
"""andreamah""","""sandy081""",2,"[""188308"", ""188308"", 188308, 188308]"
"""bpasero""","""sandy081""",2,"[""181489"", 181489]"
"""HeinrichAD""","""rzhao271""",2,"[""188197"", 188197, ""188197"", ""188197"", 188197, 188197, ""188197"", ""188197"", 188197, 188197, ""188197"", 188197]"
"""alexr00""","""rzhao271""",2,"[""188134"", 188134, ""188134"", ""188134"", 188134, 188134, ""188134"", 188134]"
"""aeschli""","""rzhao271""",2,"[""188134"", 188134, ""188134"", 188134]"
"""rebornix""","""rzhao271""",2,"[""188190"", 188190]"
"""IllusionMH""","""connor4312""",2,"[""188153"", 188153, ""188153"", 188153]"
"""meganrogge""","""connor4312""",2,"[""188153"", ""188153"", ""188153"", ""188153"", 188153, 188153, 188153, 188153, ""188153"", ""188153"", ""188153"", ""188153"", 188153, 188153, 188153, 188153]"
"""bhavyaus""","""connor4312""",2,"[""155883"", 155883]"
"""github-actions[bot]""","""connor4312""",2,"[""155883"", 155883]"
"""weinand""","""connor4312""",2,"[""155883"", ""155883"", 155883, 155883]"
"""Danielmelody""","""connor4312""",2,"[""155883"", 155883]"
"""bhavyaus""","""roblourens""",2,"[""155883"", 155883, ""155883"", 155883]"
"""weinand""","""roblourens""",2,"[""155883"", ""155883"", ""155883"", 155883, 155883, 155883, ""155883"", ""155883"", 155883, 155883, ""155883"", ""155883"", 155883, 155883]"
"""Danielmelody""","""roblourens""",2,"[""155883"", 155883, ""155883"", 155883, ""155883"", 155883]"
"""IllusionMH""","""roblourens""",2,"[""188153"", 188153, ""188153"", 188153]"
"""meganrogge""","""roblourens""",2,"[""188153"", ""188153"", ""188153"", ""188153"", 188153, 188153, 188153, 188153, ""188153"", ""188153"", ""188153"", ""188153"", 188153, 188153, 188153, 188153]"
"""justschen""","""roblourens""",2,"[""152112"", 152112, ""152112"", 152112]"
"""ooker777""","""roblourens""",2,"[""188237"", 188237]"
"""scnwwu""","""isidorn""",2,"[""188228"", 188228, ""188228"", 188228]"
"""daviddossett""","""isidorn""",2,"[""188127"", ""188127"", ""188127"", 188127, 188127, 188127, ""188127"", ""188127"", ""188127"", ""188127"", 188127, 188127, 188127, 188127, ""188127"", ""188127"", ""188127"", 188127, 188127, 188127, ""188127"", ""188127"", ""188127"", ""188127"", 188127, 188127, 188127, 188127]"
"""Roopesh-T""","""isidorn""",2,"[""188127"", 188127, ""188127"", ""188127"", 188127, 188127, ""188127"", 188127, ""188127"", ""188127"", 188127, 188127]"
"""IanMatthewHuff""","""isidorn""",2,"[""188138"", 188138, ""188138"", ""188138"", 188138, 188138, ""188138"", 188138]"
"""andreamah""","""joaomoreno""",2,"[""171641"", ""171641"", 171641, 171641]"
"""lszomoru""","""joaomoreno""",2,"[""171641"", 171641]"
"""github-actions[bot]""","""joaomoreno""",2,"[""171641"", 171641]"
"""sandy081""","""joaomoreno""",2,"[""188275"", ""188275"", ""188275"", ""188275"", 188275, 188275, 188275, 188275]"
"""miku1958""","""Tyriar""",2,"[""188137"", ""188137"", 188137, 188137, ""188137"", ""188137"", 188137, 188137]"
"""hediet""","""Tyriar""",2,"[""188137"", 188137, ""188137"", 188137]"
"""sbatten""","""Tyriar""",2,"[""152381"", ""152381"", ""152381"", 152381, 152381, 152381, ""152381"", ""152381"", ""152381"", 152381, 152381, 152381, ""152381"", ""152381"", ""152381"", 152381, 152381, 152381, ""152381"", ""152381"", ""152381"", 152381, 152381, 152381, ""152381"", ""152381"", 152381, 152381]"
"""floydnant""","""Tyriar""",2,"[""152381"", ""152381"", ""152381"", 152381, 152381, 152381, ""152381"", ""152381"", ""152381"", 152381, 152381, 152381, ""152381"", ""152381"", ""152381"", 152381, 152381, 152381, ""152381"", ""152381"", ""152381"", 152381, 152381, 152381, ""152381"", ""152381"", ""152381"", 152381, 152381, 152381]"
"""vlrevolution""","""Tyriar""",2,"[""152381"", ""152381"", 152381, 152381, ""152381"", ""152381"", 152381, 152381, ""152381"", ""152381"", 152381, 152381, ""152381"", ""152381"", 152381, 152381, ""152381"", ""152381"", 152381, 152381]"
"""joaomoreno""","""Tyriar""",2,"[""188275"", 188275, ""188275"", 188275]"
"""chemwolf6922""","""deepak1556""",2,"[""188128"", 188128]"
"""meganrogge""","""deepak1556""",2,"[""188260"", 188260, ""188260"", 188260]"
"""hediet""","""deepak1556""",2,"[""188260"", ""188260"", 188260, 188260, ""188260"", ""188260"", 188260, 188260, ""188260"", 188260]"
"""eamodio""","""deepak1556""",2,"[""188268"", 188268, ""188268"", 188268, ""188268"", 188268]"
"""joaomoreno""","""deepak1556""",2,"[""188253"", 188253, ""188253"", 188253, ""188253"", 188253]"
"""chrisdias""","""deepak1556""",2,"[""188206"", 188206, ""188206"", 188206]"
"""mjbvz""","""deepak1556""",2,"[""188206"", 188206, ""188206"", 188206, ""188206"", 188206]"
"""bpasero""","""deepak1556""",2,"[""188221"", 188221, ""188221"", 188221]"
"""sbatten""","""deepak1556""",2,"[""188221"", 188221, ""188221"", 188221]"
"""VSCodeTriageBot""","""DonJayamanne""",2,"[""188249"", ""188249"", 188249, 188249]"
"""mjbvz""","""raven190301""",2,"[""188230"", ""188230"", 188230, 188230, ""188230"", ""188230"", 188230, 188230, ""188230"", ""188230"", 188230, 188230, ""188230"", ""188230"", 188230, 188230]"
"""digitarald""","""jrieken""",2,"[""188239"", 188239]"
"""LeGi0N09""","""jrieken""",2,"[""188239"", 188239, ""188239"", 188239]"
"""hediet""","""jrieken""",2,"[""188208"", ""188208"", ""188208"", 188208, 188208, 188208]"
"""raven190301""","""jrieken""",2,"[""188230"", ""188230"", ""188230"", ""188230"", 188230, 188230, 188230, 188230, ""188230"", ""188230"", ""188230"", ""188230"", 188230, 188230, 188230, 188230]"